file,test_name,configured_max_cycles,observed_max_cycles,test_type,notes
cpu-sim/tests/test_alloc_only.rs,test_alloc_only,10000,,success,Success test (uses .expect() or .unwrap())
cpu-sim/tests/test_byte_enable.rs,test_byte_enable_heap_directly,10000,,success,Success test (uses .expect() or .unwrap())
cpu-sim/tests/test_byte_enable.rs,test_byte_enable_stack_memory,10000,,success,Success test (uses .expect() or .unwrap())
cpu-sim/tests/test_device_lifecycle.rs,test_device_clock_cycle_called_every_cycle,1000,,success,Success test (uses .expect() or .unwrap())
cpu-sim/tests/test_device_lifecycle.rs,test_device_reset_called_during_simulation,100,,success,Success test (uses .expect() or .unwrap())
cpu-sim/tests/test_device_lifecycle.rs,test_multiple_devices_receive_lifecycle_calls,100,,success,Assumed success test
cpu-sim/tests/test_memory_bounds.rs,test_boundary_at_dram_end,100,,success,Assumed success test
cpu-sim/tests/test_memory_bounds.rs,test_boundary_at_dram_start,100,,success,Assumed success test
cpu-sim/tests/test_memory_bounds.rs,test_dump_memory_region_outside_dram,100,,success,Assumed success test
cpu-sim/tests/test_memory_bounds.rs,test_read_byte_below_dram_range,100,,success,Assumed success test
cpu-sim/tests/test_memory_bounds.rs,test_read_halfword_outside_dram_range,100,,success,Assumed success test
cpu-sim/tests/test_memory_bounds.rs,test_read_word_outside_dram_range,100,,success,Assumed success test
cpu-sim/tests/test_memory_bounds.rs,test_valid_dram_accesses,100,,success,Assumed success test
cpu-sim/tests/test_memory_bounds.rs,test_write_memory_above_dram_range,100,,success,Success test (expects Ok result)
cpu-sim/tests/test_memory_bounds.rs,test_write_memory_at_dram_start,1000,,success,Success test (expects Ok result)
cpu-sim/tests/test_memory_bounds.rs,test_write_memory_below_dram_range,100,,success,Success test (expects Ok result)
cpu-sim/tests/test_memory_bounds.rs,test_write_memory_ending_at_dram_end,100,,success,Assumed success test
cpu-sim/tests/test_memory_bounds.rs,test_write_memory_spanning_below_dram,100,,success,Success test (expects Ok result)
cpu-sim/tests/test_memory_latency.rs,test_comprehensive_elf_with_latency,1000,68,success,Success test (uses .expect() or .unwrap())
cpu-sim/tests/test_memory_latency.rs,test_load_store_with_latency,200,44,success,Success test (uses .expect() or .unwrap())
cpu-sim/tests/test_memory_latency.rs,test_multi_cycle_memory_latency,100,25,success,Success test (uses .expect() or .unwrap())
cpu-sim/tests/test_memory_latency.rs,test_zero_latency_default,100,13,success,Success test (uses .expect() or .unwrap())
cpu-sim/tests/test_minimal.rs,test_allocator,10000,,success,Success test (uses .expect() or .unwrap())
cpu-sim/tests/test_minimal.rs,test_heap_directly,10000,,success,Success test (uses .expect() or .unwrap())
cpu-sim/tests/test_minimal.rs,test_minimal_debug_double_write,10000,,success,Success test (uses .expect() or .unwrap())
cpu-sim/tests/test_minimal.rs,test_minimal_postcard_byte_by_byte,10000,,success,Success test (uses .expect() or .unwrap())
cpu-sim/tests/test_minimal.rs,test_minimal_postcard_word_packing,10000,,success,Success test (uses .expect() or .unwrap())
cpu-sim/tests/test_minimal.rs,test_stack_memory,10000,,success,Success test (uses .expect() or .unwrap())
cpu-sim/tests/test_minimal.rs,test_static_heap,10000,,success,Success test (uses .expect() or .unwrap())
cpu-sim/tests/test_programmatic_memory.rs,test_programmatic_instruction_loading,100,13,success,Success test (uses .expect() or .unwrap())
cpu-sim/tests/test_programmatic_memory.rs,test_write_memory_region_patterns,100,,success,Success test (uses .expect() or .unwrap())
cpu-sim/tests/test_rv32c_basic.rs,test_c_add,100,,success,Success test (uses .expect() or .unwrap())
cpu-sim/tests/test_rv32c_basic.rs,test_c_addi,100,,success,Success test (uses .expect() or .unwrap())
cpu-sim/tests/test_rv32c_basic.rs,test_c_li,100,,success,Success test (uses .expect() or .unwrap())
cpu-sim/tests/test_rv32c_basic.rs,test_c_mv,100,,success,Success test (uses .expect() or .unwrap())
cpu-sim/tests/test_rv32c_basic.rs,test_compressed_to_compressed_transition,100,,success,Success test (uses .expect() or .unwrap())
cpu-sim/tests/test_rv32c_basic.rs,test_compressed_to_uncompressed_transition,100,,success,Success test (uses .expect() or .unwrap())
cpu-sim/tests/test_rv32c_basic.rs,test_mixed_sequence_across_word_boundary,100,,success,Success test (uses .expect() or .unwrap())
cpu-sim/tests/test_rv32c_basic.rs,test_uncompressed_to_compressed_transition,100,,success,Success test (uses .expect() or .unwrap())
cpu-sim/tests/test_rv32c_basic.rs,test_uncompressed_to_uncompressed_regression,100,,success,Success test (uses .expect() or .unwrap())
cpu-sim/tests/test_simple_byte_store.rs,test_simple_byte_store,10000,,success,Success test (uses .expect() or .unwrap())
cpu-sim/tests/tests.rs,test_atomic_operations,1000,752,success,Success test (uses .expect() or .unwrap())
cpu-sim/tests/tests.rs,test_atomic_operations,100000,752,success,Success test (uses .expect() or .unwrap())
cpu-sim/tests/tests.rs,test_comprehensive_elf,500,42,success,Success test (uses .expect() or .unwrap())
cpu-sim/tests/tests.rs,test_fifo_hello_world,10000,1349,success,Success test (uses .expect() or .unwrap())
cpu-sim/tests/tests.rs,test_fp_math_elf,1000,312,success,Success test (uses .expect() or .unwrap())
cpu-sim/tests/tests.rs,test_hung_detection_catches_infinite_loop,10000,N/A (intentional failure),intentional_failure,Expects Err result with assert!(result.is_err())
cpu-sim/tests/tests.rs,test_hung_detection_catches_long_instruction,100000,N/A (intentional failure),intentional_failure,Expects Err result with assert!(result.is_err())
cpu-sim/tests/tests.rs,test_hung_detection_catches_out_of_bounds_pc,10000,N/A (intentional failure),intentional_failure,Expects Err result with assert!(result.is_err())
cpu-sim/tests/tests.rs,test_hung_detection_with_elf_auto_range,500,42,success,Success test (expects Ok result)
cpu-sim/tests/tests.rs,test_image_dump,10000,1472,success,Success test (uses .expect() or .unwrap())
cpu-sim/tests/tests.rs,test_instruction_trace,500,42,success,Success test (uses .expect() or .unwrap())
cpu-sim/tests/tests.rs,test_memory_dump,10000,5224,success,Success test (uses .expect() or .unwrap())
cpu-sim/tests/tests.rs,test_packet_protocol_end_to_end,50000,,success,Success test (uses .expect() or .unwrap())
cpu-sim/tests/tests.rs,test_panic_handler,5000,428,success,Success test (uses .expect() or .unwrap())
cpu-sim/tests/tests.rs,test_println_macro,25000,17296,success,Success test (uses .expect() or .unwrap())
cpu-sim/tests/tests.rs,test_register_trace_audit,500,138,success,Success test (uses .expect() or .unwrap())
cpu-sim/tests/tests.rs,test_rust_bare_metal_elf,500,368,success,Success test (uses .expect() or .unwrap())
cpu-sim/tests/tests.rs,test_trace_callback,500,54,success,Success test (uses .expect() or .unwrap())
cpu-sim/tests/tests.rs,test_vcd_generation,500,,success,Success test (uses .expect() or .unwrap())
cpu-sim/tests/test_dma.rs,test_dma_copy,40000,2664,success,Uses GLOBAL_MAX_CYCLES
cpu-sim/tests/test_audio.rs,test_audio_pattern,150000,61966,success,High limit for audio sample generation
cpu-sim/tests/test_video.rs,test_video_pattern,1000000,505376,success,High limit for video frame rendering
